engine,page,first_render_ms,base_mem,use1_mem,retained_mem,peak_mem,retained_growth_bytes,iterations_per_run,runs,trimmed_mean_ms,mean_ms,min_ms,median_ms,p95_ms
native,sample,0.6608,829248,830472,830616,1589328,144,10000,30,0.45988270947083,0.46002927393333,0.42188,0.447433,0.526064
native,mixed,0.5914,954208,956072,956216,1589328,144,10000,30,0.35274770892917,0.35268889488334,0.320947,0.342441,0.398439
native,entities,0.4173,852656,853880,854024,1589336,144,10000,30,0.11705505778333,0.11709085649,0.093497,0.111146,0.140197
native,entities-array,0.3156,911664,912936,913064,1589336,128,10000,30,0.12055889824583,0.12054388758333,0.101938,0.114462,0.144095
clarity,sample,14.7255,915216,1077464,1077592,1589328,128,10000,30,0.43221921722917,0.43232282939667,0.39651,0.418418,0.500778
clarity,mixed,15.6534,1040176,1226680,1226808,1663616,128,10000,30,0.32150635911667,0.32173661100334,0.292819,0.312639,0.370117
clarity,entities,15.3394,938624,1101344,1101456,1589336,112,10000,30,0.11063597991667,0.11061031778667,0.0945,0.105129,0.133239
clarity,entities-array,15.2018,997632,1160688,1160816,1620112,128,10000,30,0.11340625592917,0.11342565204333,0.094643,0.107876,0.13634
plates,sample,2.5315,829248,902288,902432,1589328,144,10000,30,0.54694886396667,0.54708137067334,0.500137,0.529464,0.633047
plates,mixed,2.392,954208,1028208,1028352,1589328,144,10000,30,0.40642747500833,0.40635605771667,0.367514,0.393548,0.47145
plates,entities,2.0104,852656,925696,925840,1589336,144,10000,30,0.1473157616625,0.14772498846667,0.122477,0.138957,0.180567
plates,entities-array,2.0723,911664,984752,984880,1589336,128,10000,30,0.15186368241667,0.15196370597334,0.133008,0.143818,0.183571
blade,sample,30.7858,829288,1642896,1642912,2149000,16,10000,30,0.75913946267917,0.75999022365667,0.691545,0.733792,0.887646
blade,mixed,33.2215,954232,1769136,1769136,2220552,0,10000,30,0.63877661115417,0.63914663721999,0.578134,0.620873,0.746865
blade,entities,30.9078,852696,1666304,1666320,2112616,16,10000,30,0.3288066892625,0.32893966203,0.29338,0.316884,0.393762
blade,entities-array,31.2593,911704,1725344,1725344,2171640,0,10000,30,0.3321308507375,0.33228231860667,0.295791,0.320724,0.395969
twig,sample,36.6859,829272,1550696,1551840,1879544,1144,10000,30,1.2885603281708,1.28855589072,1.193089,1.248363,1.50749
twig,mixed,35.8387,954232,1725432,1726560,2256784,1128,10000,30,0.8542807961,0.85428294498333,0.782215,0.82883,0.990737
twig,entities,34.1588,852696,1614080,1616368,1849120,2288,10000,30,0.61907725284583,0.61902925788333,0.567886,0.597853,0.720446
twig,entities-array,34.2799,911704,1670176,1671680,1908128,1504,10000,30,0.48740409186667,0.48759738351,0.441098,0.472207,0.563425
stempler,sample,22.5364,971256,1347024,1351840,1795288,4816,10000,30,0.44017501529583,0.44033632061667,0.402277,0.427521,0.504942
stempler,mixed,30.2879,1096216,1518376,1523192,2101840,4816,10000,30,0.33669519501667,0.33670847603667,0.306473,0.326386,0.387644
stempler,entities,22.3982,994664,1384000,1388800,1589344,4800,10000,30,0.12270047782917,0.12280345685667,0.106741,0.116287,0.148838
stempler,entities-array,23.3468,1053672,1443008,1447808,1622328,4800,10000,30,0.1256978829625,0.12572812347,0.105798,0.119626,0.150215
